,raceId,driverId,max_lap
0,841,1,58
1,841,2,57
2,841,3,22
3,841,4,58
4,841,5,19
5,841,10,49
6,841,13,58
7,841,15,56
8,841,16,57
9,841,17,58
10,841,18,58
11,841,20,58
12,841,22,48
13,841,30,19
14,841,67,57
15,841,153,57
16,841,155,58
17,841,808,58
18,841,813,9
19,841,814,57
20,841,815,58
21,841,816,54
22,842,1,56
23,842,2,56
24,842,3,55
25,842,4,56
26,842,5,55
27,842,10,54
28,842,13,56
29,842,15,31
30,842,16,56
31,842,17,56
32,842,18,56
33,842,20,56
34,842,22,22
35,842,24,46
36,842,30,56
37,842,39,14
38,842,67,55
39,842,153,55
40,842,155,56
41,842,808,52
42,842,813,8
43,842,814,56
44,842,815,23
45,842,816,42
46,843,1,56
47,843,2,56
48,843,3,56
49,843,4,56
50,843,5,55
51,843,10,54
52,843,13,56
53,843,15,55
54,843,16,55
55,843,17,56
56,843,18,56
57,843,20,56
58,843,22,56
59,843,24,54
60,843,30,56
61,843,39,54
62,843,67,56
63,843,153,9
64,843,155,56
65,843,808,56
66,843,813,55
67,843,814,56
68,843,815,55
69,843,816,54
70,844,1,58
71,844,2,58
72,844,3,58
73,844,4,58
74,844,5,56
75,844,13,58
76,844,15,57
77,844,16,57
78,844,17,58
79,844,18,58
80,844,20,58
81,844,22,57
82,844,24,53
83,844,30,58
84,844,39,55
85,844,67,58
86,844,153,57
87,844,155,58
88,844,808,58
89,844,813,57
90,844,814,44
91,844,815,57
92,844,816,56
93,845,1,66
94,845,2,65
95,845,3,65
96,845,4,65
97,845,5,48
98,845,10,63
99,845,13,58
100,845,15,64
101,845,16,65
102,845,17,66
103,845,18,66
104,845,20,66
105,845,22,64
106,845,24,28
107,845,30,65
108,845,39,61
109,845,67,65
110,845,153,64
111,845,155,65
112,845,808,65
113,845,813,65
114,845,814,65
115,845,815,65
116,845,816,62
117,846,1,78
118,846,2,77
119,846,3,76
120,846,4,78
121,846,5,76
122,846,10,30
123,846,13,32
124,846,15,76
125,846,16,77
126,846,17,78
127,846,18,78
128,846,20,78
129,846,22,77
130,846,24,75
131,846,30,32
132,846,39,74
133,846,67,77
134,846,153,66
135,846,155,78
136,846,808,67
137,846,813,73
138,846,814,76
139,846,816,75
140,847,1,7
141,847,2,55
142,847,3,70
143,847,4,36
144,847,5,28
145,847,10,69
146,847,13,70
147,847,15,69
148,847,16,49
149,847,17,70
150,847,18,70
151,847,20,70
152,847,22,70
153,847,24,69
154,847,30,70
155,847,37,70
156,847,39,69
157,847,67,70
158,847,153,70
159,847,155,70
160,847,808,70
161,847,813,61
162,847,814,67
163,847,816,69
164,848,1,57
165,848,2,56
166,848,3,57
167,848,4,57
168,848,5,55
169,848,10,55
170,848,13,57
171,848,15,55
172,848,16,56
173,848,17,57
174,848,18,57
175,848,20,57
176,848,22,56
177,848,24,54
178,848,30,56
179,848,39,54
180,848,67,56
181,848,153,56
182,848,155,56
183,848,808,56
184,848,813,56
185,848,814,56
186,848,815,56
187,848,816,55
188,849,1,52
189,849,2,52
190,849,3,52
191,849,4,52
192,849,5,2
193,849,10,50
194,849,13,52
195,849,15,10
196,849,16,52
197,849,17,52
198,849,18,39
199,849,20,52
200,849,22,51
201,849,24,50
202,849,30,52
203,849,67,25
204,849,153,52
205,849,155,23
206,849,808,52
207,849,813,51
208,849,814,51
209,849,815,52
210,849,816,50
211,849,817,49
212,850,1,60
213,850,2,9
214,850,3,59
215,850,4,60
216,850,5,58
217,850,10,57
218,850,13,60
219,850,16,60
220,850,17,60
221,850,18,35
222,850,20,60
223,850,22,16
224,850,24,37
225,850,30,59
226,850,67,59
227,850,153,59
228,850,155,59
229,850,808,59
230,850,812,56
231,850,813,59
232,850,814,59
233,850,815,59
234,850,816,57
235,850,817,57
236,851,1,70
237,851,2,23
238,851,3,69
239,851,4,70
240,851,5,55
241,851,10,66
242,851,13,70
243,851,15,17
244,851,16,68
245,851,17,70
246,851,18,70
247,851,20,70
248,851,22,68
249,851,24,65
250,851,30,26
251,851,67,69
252,851,153,69
253,851,155,69
254,851,808,69
255,851,813,68
256,851,814,69
257,851,815,68
258,851,816,65
259,851,817,66
260,852,1,12
261,852,3,44
262,852,4,44
263,852,5,43
264,852,10,43
265,852,13,44
266,852,15,43
267,852,16,44
268,852,17,44
269,852,18,44
270,852,20,44
271,852,22,43
272,852,24,43
273,852,30,44
274,852,67,6
275,852,155,44
276,852,808,44
277,852,811,44
278,852,813,44
279,852,814,44
280,852,815,27
281,852,816,43
282,852,817,13
283,853,1,53
284,853,4,53
285,853,5,51
286,853,10,51
287,853,13,53
288,853,15,51
289,853,16,9
290,853,17,4
291,853,18,53
292,853,20,53
293,853,22,52
294,853,30,53
295,853,67,52
296,853,153,52
297,853,155,21
298,853,811,52
299,853,813,52
300,853,814,52
301,853,815,32
302,853,816,1
303,853,817,39
304,854,1,61
305,854,3,60
306,854,4,61
307,854,5,59
308,854,10,9
309,854,13,60
310,854,15,47
311,854,16,60
312,854,17,61
313,854,18,61
314,854,20,61
315,854,22,60
316,854,24,57
317,854,30,28
318,854,67,60
319,854,153,56
320,854,155,59
321,854,808,59
322,854,811,59
323,854,813,60
324,854,814,61
325,854,815,60
326,854,816,59
327,854,817,57
328,855,1,53
329,855,3,53
330,855,4,53
331,855,5,53
332,855,10,51
333,855,13,53
334,855,15,53
335,855,16,53
336,855,17,53
337,855,18,53
338,855,20,53
339,855,22,53
340,855,24,50
341,855,30,53
342,855,67,11
343,855,153,53
344,855,155,53
345,855,808,53
346,855,811,53
347,855,813,53
348,855,814,53
349,855,815,53
350,855,816,51
351,855,817,51
352,856,1,55
353,856,3,55
354,856,4,55
355,856,5,54
356,856,10,54
357,856,13,55
358,856,15,54
359,856,16,55
360,856,17,55
361,856,18,55
362,856,20,55
363,856,22,55
364,856,24,52
365,856,30,15
366,856,67,55
367,856,153,55
368,856,155,54
369,856,808,16
370,856,811,54
371,856,813,30
372,856,814,55
373,856,815,54
374,856,816,54
375,856,817,54
376,857,1,60
377,857,3,60
378,857,4,60
379,857,5,58
380,857,10,2
381,857,13,32
382,857,15,55
383,857,16,59
384,857,17,60
385,857,18,60
386,857,20,60
387,857,22,58
388,857,30,60
389,857,39,57
390,857,67,24
391,857,153,59
392,857,808,59
393,857,811,59
394,857,813,12
395,857,814,59
396,857,815,59
397,857,816,57
398,857,817,57
399,858,1,55
400,858,3,55
401,858,4,55
402,858,5,54
403,858,10,53
404,858,13,55
405,858,15,53
406,858,16,55
407,858,17,55
408,858,18,55
409,858,20,1
410,858,22,54
411,858,24,53
412,858,30,55
413,858,67,19
414,858,153,54
415,858,155,54
416,858,808,54
417,858,811,54
418,858,813,54
419,858,814,55
420,858,815,54
421,858,816,18
422,858,817,48
423,859,1,46
424,859,3,70
425,859,4,71
426,859,5,69
427,859,10,21
428,859,13,71
429,859,15,69
430,859,16,70
431,859,17,71
432,859,18,71
433,859,20,71
434,859,22,70
435,859,24,61
436,859,30,70
437,859,67,70
438,859,153,70
439,859,155,70
440,859,808,70
441,859,811,69
442,859,813,26
443,859,814,70
444,859,815,70
445,859,816,68
446,859,817,68
447,860,1,58
448,860,3,58
449,860,4,58
450,860,5,38
451,860,8,58
452,860,10,57
453,860,13,46
454,860,17,58
455,860,18,58
456,860,20,58
457,860,30,10
458,860,154,1
459,860,155,58
460,860,808,34
461,860,811,52
462,860,813,57
463,860,814,58
464,860,815,58
465,860,817,58
466,860,818,58
467,860,819,53
468,861,1,56
469,861,3,56
470,861,4,56
471,861,5,55
472,861,8,56
473,861,10,55
474,861,13,56
475,861,17,56
476,861,18,56
477,861,20,56
478,861,30,56
479,861,37,54
480,861,39,54
481,861,154,3
482,861,155,46
483,861,807,56
484,861,808,55
485,861,811,56
486,861,813,54
487,861,814,56
488,861,815,56
489,861,817,56
490,861,818,56
491,861,819,54
492,862,1,56
493,862,3,56
494,862,4,56
495,862,5,53
496,862,8,56
497,862,10,55
498,862,13,56
499,862,17,56
500,862,18,56
501,862,20,56
502,862,30,12
503,862,37,55
504,862,39,54
505,862,154,56
506,862,155,56
507,862,807,56
508,862,808,55
509,862,811,56
510,862,813,56
511,862,814,56
512,862,815,56
513,862,817,56
514,862,818,56
515,862,819,55
516,863,1,57
517,863,3,57
518,863,4,57
519,863,5,56
520,863,8,57
521,863,10,55
522,863,13,57
523,863,17,57
524,863,18,55
525,863,20,57
526,863,30,57
527,863,37,55
528,863,39,55
529,863,154,57
530,863,155,57
531,863,807,57
532,863,808,56
533,863,811,54
534,863,813,25
535,863,814,57
536,863,815,57
537,863,817,56
538,863,818,57
539,863,819,24
540,864,1,66
541,864,3,66
542,864,4,66
543,864,5,65
544,864,8,66
545,864,10,64
546,864,13,65
547,864,17,65
548,864,18,66
549,864,20,66
550,864,30,12
551,864,37,63
552,864,39,22
553,864,154,66
554,864,155,66
555,864,807,65
556,864,808,65
557,864,811,12
558,864,813,66
559,864,814,65
560,864,815,37
561,864,817,65
562,864,818,65
563,864,819,35
564,865,1,78
565,865,3,78
566,865,4,78
567,865,5,77
568,865,8,78
569,865,10,77
570,865,13,78
571,865,17,78
572,865,18,70
573,865,20,78
574,865,30,63
575,865,39,76
576,865,155,5
577,865,807,78
578,865,808,15
579,865,811,78
580,865,814,78
581,865,815,77
582,865,817,65
583,865,818,77
584,865,819,64
585,866,1,70
586,866,3,70
587,866,4,70
588,866,5,69
589,866,8,70
590,866,10,56
591,866,13,70
592,866,17,70
593,866,18,69
594,866,20,70
595,866,30,43
596,866,37,24
597,866,39,22
598,866,154,70
599,866,155,70
600,866,807,70
601,866,808,69
602,866,811,69
603,866,813,70
604,866,814,70
605,866,815,70
606,866,817,70
607,866,818,69
608,866,819,67
609,867,1,55
610,867,3,57
611,867,4,57
612,867,5,57
613,867,8,57
614,867,13,56
615,867,17,57
616,867,18,57
617,867,20,33
618,867,30,57
619,867,37,56
620,867,39,56
621,867,154,40
622,867,155,33
623,867,807,57
624,867,808,57
625,867,811,57
626,867,813,57
627,867,814,57
628,867,815,57
629,867,817,57
630,867,818,26
631,867,819,57
632,868,1,52
633,868,3,52
634,868,4,52
635,868,5,51
636,868,8,52
637,868,10,51
638,868,13,52
639,868,17,52
640,868,18,52
641,868,20,52
642,868,30,52
643,868,37,50
644,868,39,50
645,868,154,52
646,868,155,52
647,868,807,52
648,868,811,52
649,868,813,51
650,868,814,2
651,868,815,11
652,868,817,52
653,868,818,52
654,868,819,51
655,869,1,56
656,869,3,67
657,869,4,67
658,869,5,65
659,869,8,67
660,869,10,64
661,869,13,67
662,869,17,67
663,869,18,67
664,869,20,67
665,869,30,67
666,869,37,64
667,869,39,64
668,869,154,66
669,869,155,67
670,869,807,67
671,869,808,66
672,869,811,66
673,869,813,66
674,869,814,67
675,869,815,67
676,869,817,67
677,869,818,67
678,869,819,65
679,870,1,69
680,870,3,69
681,870,4,69
682,870,5,68
683,870,8,69
684,870,10,66
685,870,13,69
686,870,17,69
687,870,18,69
688,870,20,69
689,870,30,58
690,870,37,66
691,870,39,60
692,870,154,69
693,870,155,67
694,870,807,69
695,870,808,67
696,870,811,69
697,870,813,69
698,870,814,69
699,870,815,69
700,870,817,68
701,870,818,68
702,870,819,67
703,871,3,44
704,871,5,43
705,871,8,44
706,871,10,43
707,871,13,44
708,871,17,44
709,871,18,44
710,871,20,44
711,871,30,44
712,871,37,43
713,871,39,29
714,871,155,44
715,871,807,44
716,871,808,43
717,871,811,44
718,871,813,4
719,871,814,44
720,871,817,44
721,871,818,44
722,871,819,43
723,872,1,53
724,872,3,53
725,872,4,53
726,872,5,52
727,872,8,53
728,872,10,52
729,872,13,53
730,872,17,51
731,872,18,32
732,872,20,47
733,872,30,53
734,872,37,52
735,872,39,52
736,872,155,53
737,872,807,50
738,872,808,52
739,872,811,53
740,872,813,53
741,872,814,53
742,872,815,53
743,872,816,53
744,872,817,53
745,872,818,8
746,872,819,52
747,873,1,22
748,873,3,59
749,873,4,59
750,873,5,59
751,873,8,59
752,873,10,59
753,873,13,59
754,873,17,59
755,873,18,59
756,873,20,59
757,873,30,38
758,873,37,58
759,873,39,30
760,873,154,59
761,873,155,59
762,873,807,59
763,873,808,57
764,873,811,57
765,873,813,36
766,873,814,59
767,873,815,59
768,873,817,59
769,873,818,38
770,873,819,59
771,874,1,53
772,874,5,52
773,874,8,53
774,874,10,52
775,874,13,53
776,874,17,53
777,874,18,53
778,874,20,53
779,874,30,53
780,874,37,52
781,874,39,32
782,874,154,51
783,874,155,53
784,874,807,53
785,874,808,52
786,874,811,53
787,874,813,53
788,874,814,53
789,874,815,18
790,874,817,53
791,874,818,53
792,874,819,37
793,875,1,55
794,875,3,1
795,875,4,55
796,875,5,54
797,875,8,55
798,875,10,54
799,875,13,55
800,875,17,55
801,875,20,55
802,875,30,55
803,875,37,16
804,875,39,53
805,875,154,55
806,875,155,16
807,875,807,55
808,875,808,54
809,875,811,55
810,875,813,55
811,875,814,55
812,875,815,55
813,875,817,55
814,875,818,55
815,875,819,53
816,876,1,60
817,876,3,60
818,876,4,60
819,876,5,59
820,876,8,60
821,876,10,58
822,876,13,60
823,876,17,60
824,876,18,60
825,876,20,60
826,876,30,55
827,876,37,42
828,876,39,58
829,876,154,60
830,876,155,60
831,876,807,60
832,876,808,59
833,876,811,60
834,876,813,59
835,876,814,60
836,876,815,20
837,876,817,60
838,876,818,59
839,876,819,59
840,877,1,19
841,877,3,7
842,877,4,55
843,877,5,55
844,877,8,55
845,877,10,55
846,877,13,55
847,877,17,37
848,877,18,55
849,877,20,55
850,877,30,55
851,877,37,55
852,877,39,7
853,877,154,37
854,877,155,55
855,877,808,55
856,877,811,55
857,877,813,55
858,877,814,55
859,877,815,55
860,877,817,55
861,877,818,55
862,877,819,41
863,878,1,56
864,878,3,56
865,878,4,56
866,878,5,55
867,878,8,56
868,878,10,55
869,878,13,56
870,878,17,16
871,878,18,56
872,878,20,56
873,878,30,55
874,878,37,54
875,878,39,54
876,878,154,56
877,878,155,55
878,878,807,56
879,878,808,55
880,878,811,56
881,878,813,56
882,878,814,55
883,878,815,56
884,878,817,56
885,878,818,14
886,878,819,54
887,879,1,54
888,879,3,70
889,879,4,71
890,879,5,70
891,879,8,70
892,879,10,70
893,879,13,71
894,879,17,71
895,879,18,71
896,879,20,71
897,879,30,71
898,879,37,69
899,879,39,69
900,879,154,5
901,879,155,71
902,879,807,71
903,879,808,70
904,879,813,1
905,879,814,68
906,879,817,70
907,879,818,71
908,879,819,70
909,880,1,58
910,880,3,26
911,880,4,58
912,880,8,58
913,880,13,58
914,880,16,58
915,880,17,58
916,880,18,58
917,880,20,58
918,880,154,58
919,880,813,24
920,880,814,58
921,880,815,58
922,880,817,39
923,880,818,58
924,880,819,56
925,880,820,56
926,880,821,57
927,880,822,57
928,880,823,56
929,880,824,57
930,881,1,56
931,881,3,56
932,881,4,1
933,881,8,56
934,881,13,56
935,881,16,27
936,881,17,56
937,881,18,53
938,881,20,56
939,881,154,56
940,881,807,56
941,881,813,45
942,881,814,22
943,881,815,56
944,881,817,51
945,881,818,56
946,881,819,55
947,881,820,54
948,881,821,55
949,881,822,56
950,881,823,55
951,881,824,55
952,882,1,56
953,882,3,21
954,882,4,56
955,882,8,56
956,882,13,56
957,882,16,5
958,882,17,15
959,882,18,56
960,882,20,56
961,882,154,56
962,882,807,56
963,882,813,56
964,882,814,56
965,882,815,56
966,882,817,56
967,882,818,56
968,882,819,55
969,882,820,55
970,882,821,4
971,882,822,56
972,882,823,55
973,882,824,55
974,883,1,57
975,883,3,57
976,883,4,57
977,883,8,57
978,883,13,57
979,883,16,57
980,883,17,57
981,883,18,57
982,883,20,57
983,883,154,57
984,883,807,57
985,883,813,57
986,883,814,57
987,883,815,57
988,883,817,56
989,883,818,16
990,883,819,56
991,883,820,56
992,883,821,56
993,883,822,57
994,883,823,55
995,883,824,56
996,884,1,65
997,884,3,66
998,884,4,66
999,884,8,66
1000,884,13,66
1001,884,16,65
1002,884,17,66
1003,884,18,66
1004,884,20,66
1005,884,154,8
1006,884,807,65
1007,884,813,65
1008,884,814,66
1009,884,815,66
1010,884,817,65
1011,884,818,52
1012,884,819,65
1013,884,820,64
1014,884,821,65
1015,884,822,65
1016,884,823,21
1017,884,824,64
1018,885,1,78
1019,885,3,78
1020,885,4,78
1021,885,8,78
1022,885,13,28
1023,885,16,78
1024,885,17,78
1025,885,18,78
1026,885,20,78
1027,885,154,63
1028,885,807,78
1029,885,813,44
1030,885,814,78
1031,885,815,72
1032,885,817,61
1033,885,818,78
1034,885,819,7
1035,885,820,78
1036,885,821,78
1037,885,822,78
1038,885,823,78
1039,885,824,58
1040,886,1,70
1041,886,3,70
1042,886,4,70
1043,886,8,69
1044,886,13,69
1045,886,16,69
1046,886,17,70
1047,886,18,69
1048,886,20,70
1049,886,154,69
1050,886,807,45
1051,886,813,68
1052,886,814,69
1053,886,815,69
1054,886,817,68
1055,886,818,69
1056,886,819,67
1057,886,820,67
1058,886,821,63
1059,886,822,69
1060,886,823,43
1061,886,824,68
1062,887,1,52
1063,887,3,52
1064,887,4,52
1065,887,8,52
1066,887,13,52
1067,887,16,52
1068,887,17,52
1069,887,18,52
1070,887,20,41
1071,887,154,51
1072,887,807,52
1073,887,813,52
1074,887,814,52
1075,887,815,46
1076,887,817,52
1077,887,818,35
1078,887,819,52
1079,887,820,52
1080,887,821,52
1081,887,822,52
1082,887,823,52
1083,887,824,52
1084,888,1,60
1085,888,3,60
1086,888,4,60
1087,888,8,60
1088,888,13,3
1089,888,16,60
1090,888,17,60
1091,888,18,60
1092,888,20,60
1093,888,154,60
1094,888,807,60
1095,888,813,60
1096,888,814,60
1097,888,815,60
1098,888,817,60
1099,888,818,22
1100,888,819,59
1101,888,820,59
1102,888,821,60
1103,888,822,59
1104,888,823,59
1105,888,824,21
1106,890,1,70
1107,890,3,64
1108,890,4,70
1109,890,8,70
1110,890,13,70
1111,890,16,19
1112,890,17,70
1113,890,18,70
1114,890,20,70
1115,890,154,70
1116,890,807,69
1117,890,813,69
1118,890,814,66
1119,890,815,69
1120,890,817,69
1121,890,818,69
1122,890,819,68
1123,890,820,67
1124,890,821,28
1125,890,822,42
1126,890,823,68
1127,890,824,67
1128,891,1,44
1129,891,3,44
1130,891,4,44
1131,891,8,25
1132,891,13,44
1133,891,16,44
1134,891,17,44
1135,891,18,44
1136,891,20,44
1137,891,154,44
1138,891,807,44
1139,891,813,43
1140,891,814,26
1141,891,815,44
1142,891,817,44
1143,891,818,44
1144,891,819,8
1145,891,820,42
1146,891,821,44
1147,891,822,44
1148,891,823,43
1149,891,824,43
1150,892,1,53
1151,892,3,53
1152,892,4,53
1153,892,8,53
1154,892,13,53
1155,892,16,52
1156,892,17,53
1157,892,18,53
1158,892,20,53
1159,892,154,53
1160,892,807,53
1161,892,813,53
1162,892,815,53
1163,892,817,53
1164,892,818,14
1165,892,819,52
1166,892,820,52
1167,892,821,53
1168,892,822,53
1169,892,823,52
1170,892,824,52
1171,893,1,61
1172,893,3,61
1173,893,4,61
1174,893,8,61
1175,893,13,61
1176,893,16,61
1177,893,17,60
1178,893,18,61
1179,893,20,61
1180,893,154,37
1181,893,807,61
1182,893,813,61
1183,893,814,54
1184,893,815,61
1185,893,817,23
1186,893,818,61
1187,893,819,60
1188,893,820,60
1189,893,821,61
1190,893,822,61
1191,893,823,60
1192,893,824,60
1193,894,1,55
1194,894,3,55
1195,894,4,55
1196,894,8,55
1197,894,13,55
1198,894,16,50
1199,894,17,36
1200,894,18,55
1201,894,20,55
1202,894,154,55
1203,894,807,55
1204,894,813,55
1205,894,814,24
1206,894,815,55
1207,894,817,52
1208,894,818,53
1209,894,819,55
1210,894,820,55
1211,894,821,55
1212,894,822,55
1213,894,823,55
1214,894,824,55
1215,895,1,7
1216,895,3,53
1217,895,4,53
1218,895,8,53
1219,895,13,53
1220,895,16,52
1221,895,17,53
1222,895,18,53
1223,895,20,53
1224,895,154,53
1225,895,807,53
1226,895,813,52
1227,895,814,53
1228,895,815,52
1229,895,817,52
1230,895,818,52
1231,895,819,52
1232,895,820,52
1233,895,821,53
1234,895,822,52
1235,896,1,60
1236,896,3,60
1237,896,4,60
1238,896,8,60
1239,896,13,60
1240,896,16,60
1241,896,17,39
1242,896,18,59
1243,896,20,60
1244,896,154,60
1245,896,807,54
1246,896,813,60
1247,896,814,60
1248,896,815,60
1249,896,817,60
1250,896,818,59
1251,896,819,35
1252,896,820,58
1253,896,821,59
1254,896,822,59
1255,896,823,1
1256,896,824,58
1257,897,1,55
1258,897,3,55
1259,897,4,55
1260,897,13,55
1261,897,16,55
1262,897,17,55
1263,897,18,55
1264,897,20,55
1265,897,154,55
1266,897,807,54
1267,897,813,55
1268,897,814,55
1269,897,815,55
1270,897,817,54
1271,897,818,54
1272,897,819,54
1273,897,820,53
1274,897,821,55
1275,897,822,54
1276,897,823,54
1277,897,824,53
1278,898,1,56
1279,898,3,56
1280,898,4,56
1281,898,5,56
1282,898,13,56
1283,898,17,56
1284,898,18,56
1285,898,20,56
1286,898,154,56
1287,898,807,56
1288,898,813,55
1289,898,814,56
1290,898,815,56
1291,898,817,56
1292,898,818,56
1293,898,819,55
1294,898,820,54
1295,898,821,56
1296,898,822,56
1297,898,823,55
1298,898,824,55
1299,899,1,71
1300,899,3,71
1301,899,4,71
1302,899,5,70
1303,899,13,71
1304,899,16,70
1305,899,17,71
1306,899,18,71
1307,899,20,71
1308,899,154,2
1309,899,807,71
1310,899,813,70
1311,899,814,70
1312,899,815,71
1313,899,817,70
1314,899,818,70
1315,899,819,58
1316,899,820,69
1317,899,821,70
1318,899,822,45
1319,899,823,69
1320,899,824,69
1321,900,1,2
1322,900,3,57
1323,900,4,57
1324,900,8,57
1325,900,16,56
1326,900,18,57
1327,900,20,3
1328,900,154,43
1329,900,807,57
1330,900,813,29
1331,900,815,57
1332,900,817,57
1333,900,818,57
1334,900,820,55
1335,900,821,56
1336,900,822,57
1337,900,824,49
1338,900,825,57
1339,900,826,57
1340,900,828,27
1341,901,1,56
1342,901,3,56
1343,901,4,56
1344,901,8,55
1345,901,13,56
1346,901,16,32
1347,901,18,56
1348,901,20,56
1349,901,154,55
1350,901,155,55
1351,901,807,56
1352,901,813,7
1353,901,817,49
1354,901,818,18
1355,901,820,54
1356,901,821,35
1357,901,822,56
1358,901,824,8
1359,901,825,55
1360,901,826,55
1361,901,828,54
1362,902,1,57
1363,902,3,57
1364,902,4,57
1365,902,8,57
1366,902,13,57
1367,902,16,17
1368,902,18,55
1369,902,20,57
1370,902,154,57
1371,902,155,57
1372,902,807,57
1373,902,813,57
1374,902,815,57
1375,902,817,57
1376,902,818,18
1377,902,820,57
1378,902,821,39
1379,902,822,57
1380,902,824,56
1381,902,825,40
1382,902,826,57
1383,902,828,33
1384,903,1,56
1385,903,3,56
1386,903,4,56
1387,903,8,56
1388,903,13,55
1389,903,16,5
1390,903,18,55
1391,903,20,56
1392,903,154,28
1393,903,155,55
1394,903,807,56
1395,903,813,55
1396,903,815,56
1397,903,817,56
1398,903,818,55
1399,903,820,54
1400,903,821,55
1401,903,822,56
1402,903,824,55
1403,903,825,55
1404,903,826,55
1405,903,828,54
1406,904,1,66
1407,904,3,66
1408,904,4,66
1409,904,8,65
1410,904,13,65
1411,904,16,65
1412,904,18,65
1413,904,20,66
1414,904,154,65
1415,904,155,34
1416,904,807,65
1417,904,813,65
1418,904,815,65
1419,904,817,66
1420,904,818,24
1421,904,820,64
1422,904,821,65
1423,904,822,66
1424,904,824,64
1425,904,825,65
1426,904,826,65
1427,904,828,64
1428,905,1,78
1429,905,3,78
1430,905,4,78
1431,905,8,77
1432,905,13,77
1433,905,16,23
1434,905,18,77
1435,905,20,5
1436,905,154,77
1437,905,155,75
1438,905,807,77
1439,905,817,78
1440,905,818,50
1441,905,820,75
1442,905,821,59
1443,905,822,55
1444,905,824,77
1445,905,825,77
1446,905,826,10
1447,905,828,77
1448,906,1,46
1449,906,3,70
1450,906,4,70
1451,906,8,70
1452,906,13,69
1453,906,16,69
1454,906,18,70
1455,906,20,70
1456,906,154,59
1457,906,155,23
1458,906,807,70
1459,906,813,21
1460,906,815,69
1461,906,817,70
1462,906,818,70
1463,906,821,64
1464,906,822,70
1465,906,825,70
1466,906,826,47
1467,906,828,7
1468,907,1,71
1469,907,3,71
1470,907,4,71
1471,907,8,71
1472,907,13,71
1473,907,16,70
1474,907,18,71
1475,907,20,34
1476,907,154,70
1477,907,155,69
1478,907,807,71
1479,907,813,70
1480,907,815,71
1481,907,817,71
1482,907,818,59
1483,907,820,69
1484,907,821,69
1485,907,822,71
1486,907,824,69
1487,907,825,71
1488,907,826,24
1489,907,828,69
1490,908,1,52
1491,908,3,28
1492,908,4,52
1493,908,16,51
1494,908,18,52
1495,908,20,52
1496,908,154,51
1497,908,155,50
1498,908,807,52
1499,908,813,49
1500,908,815,51
1501,908,817,52
1502,908,818,51
1503,908,820,50
1504,908,821,9
1505,908,822,52
1506,908,824,51
1507,908,825,52
1508,908,826,52
1509,908,828,11
1510,909,1,67
1511,909,3,67
1512,909,4,67
1513,909,8,66
1514,909,16,47
1515,909,18,67
1516,909,20,67
1517,909,154,26
1518,909,155,65
1519,909,807,67
1520,909,813,66
1521,909,815,66
1522,909,817,67
1523,909,818,66
1524,909,820,65
1525,909,821,66
1526,909,822,67
1527,909,824,66
1528,909,825,66
1529,909,826,44
1530,909,828,65
1531,910,1,70
1532,910,3,70
1533,910,4,70
1534,910,8,70
1535,910,13,70
1536,910,16,70
1537,910,18,70
1538,910,20,70
1539,910,154,10
1540,910,155,24
1541,910,807,14
1542,910,813,70
1543,910,815,22
1544,910,817,70
1545,910,818,70
1546,910,820,69
1547,910,821,32
1548,910,822,70
1549,910,824,69
1550,910,825,70
1551,910,826,69
1552,910,828,7
1553,911,1,38
1554,911,3,44
1555,911,4,44
1556,911,8,44
1557,911,13,44
1558,911,16,44
1559,911,18,44
1560,911,20,44
1561,911,154,33
1562,911,807,44
1563,911,813,1
1564,911,815,44
1565,911,817,44
1566,911,818,44
1567,911,820,43
1568,911,821,44
1569,911,822,44
1570,911,824,39
1571,911,825,44
1572,911,826,44
1573,911,827,1
1574,911,828,43
1575,912,1,53
1576,912,3,53
1577,912,4,28
1578,912,8,53
1579,912,13,53
1580,912,16,52
1581,912,18,53
1582,912,20,53
1583,912,154,52
1584,912,155,52
1585,912,807,53
1586,912,813,52
1587,912,815,53
1588,912,817,53
1589,912,818,53
1590,912,820,5
1591,912,821,51
1592,912,822,53
1593,912,824,52
1594,912,825,53
1595,912,826,53
1596,912,828,51
1597,913,1,60
1598,913,3,13
1599,913,4,60
1600,913,8,60
1601,913,13,60
1602,913,16,40
1603,913,18,52
1604,913,20,60
1605,913,154,60
1606,913,807,60
1607,913,813,60
1608,913,815,60
1609,913,817,60
1610,913,818,60
1611,913,820,59
1612,913,821,17
1613,913,822,60
1614,913,824,60
1615,913,825,60
1616,913,826,60
1617,913,828,60
1618,914,1,44
1619,914,3,44
1620,914,4,2
1621,914,8,43
1622,914,13,44
1623,914,16,40
1624,914,18,44
1625,914,20,44
1626,914,154,43
1627,914,155,43
1628,914,807,44
1629,914,813,43
1630,914,815,43
1631,914,817,44
1632,914,818,44
1633,914,820,43
1634,914,821,43
1635,914,822,44
1636,914,824,41
1637,914,825,43
1638,914,826,43
1639,914,828,43
1640,915,1,53
1641,915,3,53
1642,915,4,53
1643,915,8,53
1644,915,13,53
1645,915,16,52
1646,915,18,53
1647,915,20,53
1648,915,154,52
1649,915,155,21
1650,915,807,53
1651,915,813,52
1652,915,815,53
1653,915,817,53
1654,915,818,53
1655,915,820,9
1656,915,821,52
1657,915,822,53
1658,915,825,53
1659,915,826,52
1660,915,828,51
1661,916,1,56
1662,916,3,56
1663,916,4,56
1664,916,8,55
1665,916,13,56
1666,916,18,55
1667,916,20,56
1668,916,154,55
1669,916,807,16
1670,916,813,56
1671,916,815,1
1672,916,817,56
1673,916,818,56
1674,916,821,55
1675,916,822,56
1676,916,825,56
1677,916,826,55
1678,917,1,71
1679,917,3,71
1680,917,4,71
1681,917,8,71
1682,917,13,71
1683,917,16,70
1684,917,18,71
1685,917,20,71
1686,917,154,63
1687,917,807,71
1688,917,813,70
1689,917,815,70
1690,917,817,39
1691,917,818,70
1692,917,821,70
1693,917,822,70
1694,917,825,71
1695,917,826,70
1696,918,1,55
1697,918,3,54
1698,918,4,55
1699,918,8,55
1700,918,13,55
1701,918,16,54
1702,918,18,55
1703,918,20,55
1704,918,154,54
1705,918,155,42
1706,918,807,55
1707,918,813,26
1708,918,815,55
1709,918,817,55
1710,918,818,55
1711,918,821,54
1712,918,822,55
1713,918,825,55
1714,918,826,14
1715,918,829,54
1716,926,1,58
1717,926,3,58
1718,926,8,40
1719,926,13,58
1720,926,18,56
1721,926,20,58
1722,926,807,57
1723,926,815,57
1724,926,817,57
1725,926,828,57
1726,926,830,32
1727,926,831,58
1728,926,832,57
1729,927,1,56
1730,927,3,56
1731,927,4,21
1732,927,8,56
1733,927,13,56
1734,927,18,41
1735,927,20,56
1736,927,154,55
1737,927,807,55
1738,927,813,47
1739,927,815,55
1740,927,817,55
1741,927,822,56
1742,927,826,55
1743,927,828,3
1744,927,830,56
1745,927,831,55
1746,927,832,55
1747,927,833,53
1748,928,1,56
1749,928,3,56
1750,928,4,55
1751,928,8,56
1752,928,13,56
1753,928,18,55
1754,928,20,56
1755,928,154,56
1756,928,807,9
1757,928,813,49
1758,928,815,55
1759,928,817,56
1760,928,822,56
1761,928,826,15
1762,928,828,55
1763,928,829,54
1764,928,830,52
1765,928,831,56
1766,928,832,55
1767,928,833,54
1768,929,1,57
1769,929,3,57
1770,929,4,56
1771,929,8,57
1772,929,13,56
1773,929,20,57
1774,929,154,57
1775,929,807,56
1776,929,813,56
1777,929,815,56
1778,929,817,57
1779,929,822,57
1780,929,826,56
1781,929,828,56
1782,929,829,55
1783,929,830,34
1784,929,831,56
1785,929,832,29
1786,929,833,54
1787,930,1,66
1788,930,3,66
1789,930,4,26
1790,930,8,66
1791,930,13,66
1792,930,18,65
1793,930,20,66
1794,930,154,65
1795,930,807,65
1796,930,813,45
1797,930,815,65
1798,930,817,65
1799,930,822,66
1800,930,826,65
1801,930,828,65
1802,930,829,63
1803,930,830,65
1804,930,831,65
1805,930,832,65
1806,930,833,62
1807,931,1,78
1808,931,3,78
1809,931,4,41
1810,931,8,78
1811,931,13,77
1812,931,18,78
1813,931,20,78
1814,931,154,78
1815,931,807,78
1816,931,813,5
1817,931,815,78
1818,931,817,78
1819,931,822,78
1820,931,826,78
1821,931,828,78
1822,931,829,76
1823,931,830,62
1824,931,831,78
1825,931,832,78
1826,931,833,76
1827,932,1,70
1828,932,3,70
1829,932,4,44
1830,932,8,70
1831,932,13,70
1832,932,18,54
1833,932,20,70
1834,932,154,69
1835,932,807,69
1836,932,813,70
1837,932,815,69
1838,932,817,69
1839,932,822,70
1840,932,826,69
1841,932,828,69
1842,932,829,66
1843,932,830,69
1844,932,831,68
1845,932,832,69
1846,932,833,57
1847,933,1,71
1848,933,3,71
1849,933,13,71
1850,933,18,8
1851,933,20,71
1852,933,154,35
1853,933,807,71
1854,933,813,70
1855,933,815,70
1856,933,817,70
1857,933,822,71
1858,933,826,70
1859,933,828,69
1860,933,829,1
1861,933,830,70
1862,933,831,70
1863,933,832,35
1864,933,833,68
1865,934,1,52
1866,934,3,52
1867,934,4,51
1868,934,8,51
1869,934,13,52
1870,934,20,52
1871,934,807,52
1872,934,815,51
1873,934,817,21
1874,934,822,52
1875,934,826,52
1876,934,828,51
1877,934,829,49
1878,934,830,3
1879,934,832,31
1880,934,833,49
1881,936,1,69
1882,936,3,69
1883,936,4,69
1884,936,8,55
1885,936,13,69
1886,936,18,69
1887,936,20,69
1888,936,154,69
1889,936,807,41
1890,936,813,69
1891,936,815,53
1892,936,817,69
1893,936,822,69
1894,936,826,69
1895,936,828,69
1896,936,829,65
1897,936,830,69
1898,936,831,69
1899,936,832,60
1900,936,833,67
1901,937,1,43
1902,937,3,43
1903,937,4,42
1904,937,8,43
1905,937,13,43
1906,937,18,42
1907,937,20,42
1908,937,154,43
1909,937,813,2
1910,937,815,43
1911,937,817,19
1912,937,822,43
1913,937,826,43
1914,937,828,43
1915,937,829,42
1916,937,830,43
1917,937,831,43
1918,937,832,32
1919,937,833,42
1920,938,1,53
1921,938,3,50
1922,938,4,47
1923,938,8,53
1924,938,13,53
1925,938,18,52
1926,938,20,53
1927,938,154,1
1928,938,807,52
1929,938,813,1
1930,938,815,53
1931,938,817,52
1932,938,822,53
1933,938,826,52
1934,938,828,52
1935,938,829,51
1936,938,830,52
1937,938,831,52
1938,938,832,52
1939,938,833,51
1940,939,1,32
1941,939,3,61
1942,939,4,33
1943,939,8,61
1944,939,13,30
1945,939,18,52
1946,939,20,61
1947,939,154,59
1948,939,807,12
1949,939,813,61
1950,939,815,61
1951,939,817,61
1952,939,822,61
1953,939,826,61
1954,939,828,61
1955,939,829,59
1956,939,830,61
1957,939,831,61
1958,939,832,61
1959,939,834,59
1960,940,1,53
1961,940,3,53
1962,940,4,52
1963,940,8,53
1964,940,13,51
1965,940,18,52
1966,940,20,53
1967,940,154,53
1968,940,807,53
1969,940,813,53
1970,940,815,52
1971,940,817,52
1972,940,822,53
1973,940,826,52
1974,940,828,52
1975,940,829,50
1976,940,830,53
1977,940,831,49
1978,940,832,52
1979,940,834,51
1980,941,1,53
1981,941,3,7
1982,941,4,53
1983,941,8,53
1984,941,13,53
1985,941,18,53
1986,941,20,53
1987,941,154,11
1988,941,813,53
1989,941,815,53
1990,941,817,47
1991,941,822,52
1992,941,826,53
1993,941,829,51
1994,941,830,53
1995,941,831,53
1996,941,832,45
1997,941,833,52
1998,942,1,56
1999,942,3,56
2000,942,4,56
2001,942,8,25
2002,942,13,23
2003,942,18,56
2004,942,20,56
2005,942,154,10
2006,942,807,35
2007,942,813,56
2008,942,815,56
2009,942,817,56
2010,942,822,5
2011,942,826,41
2012,942,828,25
2013,942,829,1
2014,942,830,56
2015,942,831,56
2016,942,832,56
2017,942,834,56
2018,943,1,71
2019,943,3,71
2020,943,4,1
2021,943,8,21
2022,943,13,71
2023,943,18,71
2024,943,20,50
2025,943,154,71
2026,943,807,71
2027,943,813,71
2028,943,815,71
2029,943,817,71
2030,943,822,71
2031,943,826,71
2032,943,828,71
2033,943,829,69
2034,943,830,71
2035,943,831,57
2036,943,832,71
2037,943,834,69
2038,944,1,71
2039,944,3,71
2040,944,4,70
2041,944,8,71
2042,944,13,70
2043,944,18,70
2044,944,20,71
2045,944,154,70
2046,944,807,70
2047,944,813,70
2048,944,815,70
2049,944,817,70
2050,944,822,70
2051,944,826,70
2052,944,828,69
2053,944,829,67
2054,944,830,70
2055,944,831,70
2056,944,834,67
2057,945,1,55
2058,945,3,55
2059,945,4,53
2060,945,8,55
2061,945,13,55
2062,945,18,54
2063,945,20,55
2064,945,154,55
2065,945,807,55
2066,945,815,55
2067,945,817,55
2068,945,822,54
2069,945,826,55
2070,945,828,54
2071,945,829,53
2072,945,830,54
2073,945,831,54
2074,945,832,55
2075,945,833,52
2076,948,1,57
2077,948,3,57
2078,948,4,16
2079,948,8,21
2080,948,13,57
2081,948,18,56
2082,948,20,57
2083,948,154,57
2084,948,807,57
2085,948,815,57
2086,948,817,57
2087,948,821,16
2088,948,822,57
2089,948,825,57
2090,948,828,38
2091,948,830,57
2092,948,831,56
2093,948,832,57
2094,948,835,57
2095,948,836,56
2096,948,837,17
2097,949,1,57
2098,949,3,57
2099,949,8,57
2100,949,13,56
2101,949,18,6
2102,949,154,57
2103,949,807,56
2104,949,815,56
2105,949,817,57
2106,949,821,9
2107,949,822,56
2108,949,825,56
2109,949,826,56
2110,949,828,56
2111,949,830,57
2112,949,831,56
2113,949,832,29
2114,949,836,56
2115,949,837,56
2116,949,838,56
2117,950,1,56
2118,950,3,56
2119,950,4,56
2120,950,8,56
2121,950,13,56
2122,950,18,56
2123,950,20,56
2124,950,154,55
2125,950,807,55
2126,950,815,56
2127,950,817,56
2128,950,821,55
2129,950,822,56
2130,950,825,55
2131,950,826,56
2132,950,828,55
2133,950,830,56
2134,950,831,55
2135,950,832,56
2136,950,835,55
2137,950,836,55
2138,950,837,55
2139,951,1,53
2140,951,3,53
2141,951,4,52
2142,951,8,53
2143,951,13,53
2144,951,18,52
2145,951,154,52
2146,951,815,52
2147,951,817,52
2148,951,821,52
2149,951,822,53
2150,951,825,52
2151,951,826,52
2152,951,828,52
2153,951,830,33
2154,951,831,52
2155,951,832,52
2156,951,835,52
2157,951,836,51
2158,952,4,45
2159,952,8,66
2160,952,13,66
2161,952,18,65
2162,952,20,66
2163,952,154,56
2164,952,807,20
2165,952,815,66
2166,952,817,66
2167,952,821,65
2168,952,822,66
2169,952,825,65
2170,952,826,65
2171,952,828,65
2172,952,830,66
2173,952,831,65
2174,952,832,66
2175,952,835,65
2176,952,836,65
2177,952,837,65
2178,953,1,78
2179,953,3,78
2180,953,4,78
2181,953,8,10
2182,953,13,77
2183,953,18,77
2184,953,20,78
2185,953,154,76
2186,953,807,78
2187,953,815,78
2188,953,817,78
2189,953,821,77
2190,953,822,77
2191,953,825,32
2192,953,826,18
2193,953,828,51
2194,953,830,34
2195,953,831,48
2196,953,832,77
2197,953,835,7
2198,953,836,76
2199,953,837,74
2200,954,1,70
2201,954,3,70
2202,954,4,69
2203,954,8,70
2204,954,13,35
2205,954,18,9
2206,954,20,70
2207,954,154,68
2208,954,807,69
2209,954,815,69
2210,954,817,70
2211,954,821,68
2212,954,822,70
2213,954,825,68
2214,954,826,69
2215,954,828,68
2216,954,830,70
2217,954,831,68
2218,954,832,69
2219,954,835,16
2220,954,836,68
2221,954,837,68
2222,955,1,51
2223,955,3,51
2224,955,4,42
2225,955,8,51
2226,955,13,51
2227,955,18,51
2228,955,20,51
2229,955,154,50
2230,955,807,51
2231,955,815,51
2232,955,817,51
2233,955,821,50
2234,955,822,51
2235,955,825,50
2236,955,826,6
2237,955,828,50
2238,955,830,51
2239,955,831,50
2240,955,832,31
2241,955,835,50
2242,955,836,39
2243,955,837,49
2244,956,1,71
2245,956,3,71
2246,956,4,64
2247,956,8,71
2248,956,13,63
2249,956,18,71
2250,956,20,26
2251,956,154,71
2252,956,807,64
2253,956,815,69
2254,956,817,71
2255,956,821,70
2256,956,822,70
2257,956,825,70
2258,956,826,2
2259,956,828,70
2260,956,830,71
2261,956,831,70
2262,956,832,71
2263,956,835,70
2264,956,836,70
2265,956,837,70
2266,957,1,52
2267,957,3,52
2268,957,4,51
2269,957,8,52
2270,957,13,51
2271,957,18,51
2272,957,20,52
2273,957,154,17
2274,957,807,52
2275,957,815,52
2276,957,817,52
2277,957,821,51
2278,957,822,51
2279,957,825,49
2280,957,826,52
2281,957,828,11
2282,957,830,52
2283,957,831,51
2284,957,832,52
2285,957,835,37
2286,957,836,6
2287,957,837,24
2288,958,1,70
2289,958,3,70
2290,958,4,69
2291,958,8,70
2292,958,13,68
2293,958,18,60
2294,958,20,70
2295,958,154,69
2296,958,807,69
2297,958,815,69
2298,958,817,70
2299,958,821,69
2300,958,822,69
2301,958,825,69
2302,958,826,69
2303,958,828,68
2304,958,830,70
2305,958,831,69
2306,958,832,69
2307,958,835,69
2308,958,836,68
2309,958,837,68
2310,959,1,67
2311,959,3,67
2312,959,4,66
2313,959,8,67
2314,959,13,36
2315,959,18,66
2316,959,20,67
2317,959,154,66
2318,959,807,67
2319,959,815,66
2320,959,817,67
2321,959,821,66
2322,959,822,66
2323,959,825,66
2324,959,826,66
2325,959,828,65
2326,959,830,67
2327,959,831,57
2328,959,832,66
2329,959,835,65
2330,959,836,65
2331,959,837,65
2332,960,1,44
2333,960,3,44
2334,960,4,44
2335,960,8,44
2336,960,13,44
2337,960,18,1
2338,960,20,44
2339,960,154,44
2340,960,807,44
2341,960,815,44
2342,960,817,44
2343,960,821,44
2344,960,822,44
2345,960,825,5
2346,960,826,44
2347,960,828,3
2348,960,830,44
2349,960,831,43
2350,960,832,1
2351,960,835,44
2352,960,839,43
2353,961,1,53
2354,961,3,53
2355,961,4,52
2356,961,8,53
2357,961,13,53
2358,961,18,52
2359,961,20,53
2360,961,154,52
2361,961,807,53
2362,961,815,53
2363,961,817,53
2364,961,821,52
2365,961,822,53
2366,961,825,52
2367,961,826,36
2368,961,828,52
2369,961,830,53
2370,961,831,6
2371,961,832,52
2372,961,835,7
2373,961,836,26
2374,961,839,51
2375,962,1,61
2376,962,3,61
2377,962,4,61
2378,962,8,61
2379,962,13,60
2380,962,18,43
2381,962,20,61
2382,962,815,61
2383,962,817,61
2384,962,821,60
2385,962,822,35
2386,962,825,61
2387,962,826,61
2388,962,828,60
2389,962,830,61
2390,962,831,60
2391,962,832,60
2392,962,835,60
2393,962,836,60
2394,962,839,59
2395,963,1,40
2396,963,3,56
2397,963,4,56
2398,963,8,56
2399,963,13,55
2400,963,18,56
2401,963,154,7
2402,963,807,56
2403,963,815,56
2404,963,817,56
2405,963,821,39
2406,963,822,56
2407,963,825,17
2408,963,826,55
2409,963,828,55
2410,963,830,56
2411,963,831,46
2412,963,832,56
2413,963,835,56
2414,963,836,55
2415,963,839,55
2416,964,1,53
2417,964,3,53
2418,964,4,52
2419,964,8,53
2420,964,13,53
2421,964,18,52
2422,964,20,53
2423,964,154,53
2424,964,807,53
2425,964,815,53
2426,964,817,53
2427,964,821,52
2428,964,822,53
2429,964,825,52
2430,964,826,52
2431,964,828,52
2432,964,830,53
2433,964,831,52
2434,964,832,52
2435,964,835,52
2436,964,836,52
2437,964,839,52
2438,965,1,56
2439,965,3,56
2440,965,4,56
2441,965,8,38
2442,965,13,55
2443,965,18,55
2444,965,20,56
2445,965,154,55
2446,965,807,1
2447,965,815,55
2448,965,817,56
2449,965,821,16
2450,965,822,55
2451,965,825,55
2452,965,826,55
2453,965,828,55
2454,965,830,28
2455,965,831,55
2456,965,832,56
2457,965,835,55
2458,965,836,55
2459,965,839,54
2460,966,1,71
2461,966,3,71
2462,966,4,70
2463,966,8,71
2464,966,13,71
2465,966,18,70
2466,966,20,71
2467,966,154,70
2468,966,807,71
2469,966,815,71
2470,966,817,71
2471,966,821,70
2472,966,822,71
2473,966,825,70
2474,966,826,70
2475,966,828,70
2476,966,830,71
2477,966,831,70
2478,966,832,70
2479,966,835,70
2480,966,839,69
2481,967,1,71
2482,967,3,71
2483,967,4,71
2484,967,8,19
2485,967,13,46
2486,967,18,71
2487,967,20,71
2488,967,807,71
2489,967,815,71
2490,967,817,71
2491,967,821,60
2492,967,822,71
2493,967,825,71
2494,967,826,71
2495,967,828,11
2496,967,830,71
2497,967,831,71
2498,967,832,71
2499,967,835,20
2500,967,836,71
2501,967,839,71
2502,968,1,55
2503,968,3,55
2504,968,4,55
2505,968,8,55
2506,968,13,55
2507,968,18,12
2508,968,20,55
2509,968,154,55
2510,968,807,55
2511,968,815,55
2512,968,817,55
2513,968,821,55
2514,968,822,6
2515,968,825,5
2516,968,826,14
2517,968,828,54
2518,968,830,55
2519,968,831,54
2520,968,832,41
2521,968,835,54
2522,968,836,54
2523,968,839,54
2524,969,1,57
2525,969,4,50
2526,969,8,57
2527,969,13,57
2528,969,20,57
2529,969,154,13
2530,969,807,56
2531,969,815,56
2532,969,817,25
2533,969,822,57
2534,969,825,46
2535,969,826,56
2536,969,828,21
2537,969,830,57
2538,969,832,56
2539,969,835,15
2540,969,838,55
2541,969,839,56
2542,969,840,40
2543,969,841,55
2544,970,1,56
2545,970,4,33
2546,970,8,56
2547,970,13,55
2548,970,20,56
2549,970,154,55
2550,970,807,55
2551,970,815,55
2552,970,817,56
2553,970,822,56
2554,970,825,55
2555,970,826,18
2556,970,828,55
2557,970,830,56
2558,970,832,56
2559,970,835,55
2560,970,838,17
2561,970,839,55
2562,970,841,3
2563,971,1,57
2564,971,4,54
2565,971,8,57
2566,971,13,57
2567,971,20,57
2568,971,154,57
2569,971,807,57
2570,971,815,57
2571,971,817,57
2572,971,822,57
2573,971,825,8
2574,971,826,56
2575,971,828,50
2576,971,830,11
2577,971,832,12
2578,971,835,56
2579,971,836,56
2580,971,839,57
2581,971,840,12
2582,972,1,52
2583,972,8,52
2584,972,13,51
2585,972,20,52
2586,972,807,52
2587,972,815,52
2588,972,817,5
2589,972,822,52
2590,972,825,51
2591,972,826,51
2592,972,828,51
2593,972,830,52
2594,972,832,51
2595,972,836,50
2596,972,838,51
2597,972,839,52
2598,972,840,51
2599,973,1,66
2600,973,4,64
2601,973,13,64
2602,973,20,66
2603,973,154,65
2604,973,807,65
2605,973,815,65
2606,973,817,66
2607,973,822,38
2608,973,825,64
2609,973,826,65
2610,973,828,64
2611,973,830,1
2612,973,832,65
2613,973,835,64
2614,973,836,65
2615,973,838,32
2616,973,839,65
2617,973,840,64
2618,974,1,78
2619,974,8,78
2620,974,13,78
2621,974,18,57
2622,974,20,78
2623,974,154,78
2624,974,807,15
2625,974,815,78
2626,974,817,78
2627,974,822,78
2628,974,825,78
2629,974,826,71
2630,974,828,63
2631,974,830,78
2632,974,832,78
2633,974,835,78
2634,974,836,57
2635,974,838,66
2636,974,839,78
2637,974,840,71
2638,975,1,70
2639,975,4,66
2640,975,8,70
2641,975,20,70
2642,975,154,69
2643,975,807,70
2644,975,815,70
2645,975,817,70
2646,975,822,70
2647,975,825,69
2648,975,826,54
2649,975,828,69
2650,975,830,10
2651,975,835,69
2652,975,836,68
2653,975,838,69
2654,975,839,70
2655,975,840,69
2656,976,1,51
2657,976,4,51
2658,976,8,46
2659,976,13,25
2660,976,20,51
2661,976,154,50
2662,976,807,24
2663,976,815,39
2664,976,817,51
2665,976,822,51
2666,976,825,51
2667,976,826,9
2668,976,828,51
2669,976,830,12
2670,976,832,51
2671,976,835,7
2672,976,836,51
2673,976,838,51
2674,976,839,51
2675,976,840,51
2676,977,1,71
2677,977,4,1
2678,977,8,71
2679,977,13,70
2680,977,20,71
2681,977,154,71
2682,977,807,70
2683,977,815,70
2684,977,817,71
2685,977,822,71
2686,977,825,29
2687,977,826,68
2688,977,828,69
2689,977,832,44
2690,977,835,70
2691,977,836,70
2692,977,838,70
2693,977,839,70
2694,977,840,70
2695,978,1,51
2696,978,4,32
2697,978,8,51
2698,978,13,50
2699,978,20,51
2700,978,154,50
2701,978,807,51
2702,978,815,50
2703,978,817,51
2704,978,822,51
2705,978,825,50
2706,978,826,50
2707,978,828,50
2708,978,830,51
2709,978,836,50
2710,978,838,50
2711,978,839,50
2712,978,840,50
2713,979,1,70
2714,979,4,70
2715,979,8,70
2716,979,20,70
2717,979,154,20
2718,979,807,67
2719,979,814,60
2720,979,815,69
2721,979,822,70
2722,979,825,69
2723,979,826,69
2724,979,828,68
2725,979,830,70
2726,979,832,69
2727,979,835,69
2728,979,836,68
2729,979,838,69
2730,979,839,69
2731,979,840,69
2732,980,1,44
2733,980,4,25
2734,980,8,44
2735,980,13,44
2736,980,20,44
2737,980,154,44
2738,980,807,44
2739,980,815,42
2740,980,817,44
2741,980,822,44
2742,980,825,44
2743,980,826,44
2744,980,828,44
2745,980,830,7
2746,980,832,44
2747,980,835,44
2748,980,836,2
2749,980,838,44
2750,980,839,44
2751,980,840,44
2752,981,1,53
2753,981,4,50
2754,981,8,53
2755,981,13,53
2756,981,20,53
2757,981,154,52
2758,981,807,52
2759,981,815,53
2760,981,817,53
2761,981,822,53
2762,981,825,52
2763,981,826,52
2764,981,828,49
2765,981,830,52
2766,981,832,52
2767,981,835,29
2768,981,836,51
2769,981,838,33
2770,981,839,53
2771,981,840,53
2772,982,1,58
2773,982,4,8
2774,982,13,58
2775,982,154,58
2776,982,807,48
2777,982,815,58
2778,982,817,58
2779,982,822,58
2780,982,825,50
2781,982,826,10
2782,982,828,35
2783,982,832,58
2784,982,835,58
2785,982,836,56
2786,982,838,58
2787,982,839,58
2788,982,840,58
2789,983,1,56
2790,983,4,55
2791,983,13,55
2792,983,20,56
2793,983,154,55
2794,983,807,55
2795,983,815,56
2796,983,817,56
2797,983,822,56
2798,983,825,55
2799,983,828,54
2800,983,830,56
2801,983,832,29
2802,983,835,55
2803,983,836,55
2804,983,838,55
2805,983,839,55
2806,983,840,55
2807,983,842,55
2808,984,1,53
2809,984,4,52
2810,984,8,53
2811,984,13,52
2812,984,20,4
2813,984,154,53
2814,984,807,40
2815,984,815,53
2816,984,817,53
2817,984,822,53
2818,984,825,53
2819,984,828,7
2820,984,830,53
2821,984,835,52
2822,984,836,51
2823,984,838,52
2824,984,839,53
2825,984,840,45
2826,984,842,52
2827,985,1,56
2828,985,4,24
2829,985,8,56
2830,985,13,55
2831,985,20,56
2832,985,154,55
2833,985,807,3
2834,985,815,55
2835,985,817,14
2836,985,822,56
2837,985,825,55
2838,985,826,55
2839,985,828,55
2840,985,830,56
2841,985,832,56
2842,985,836,5
2843,985,838,55
2844,985,839,56
2845,985,840,55
2846,985,843,55
2847,986,1,70
2848,986,4,70
2849,986,8,71
2850,986,13,70
2851,986,20,71
2852,986,154,69
2853,986,807,24
2854,986,815,70
2855,986,817,5
2856,986,822,71
2857,986,825,70
2858,986,828,55
2859,986,830,71
2860,986,832,59
2861,986,836,69
2862,986,838,70
2863,986,839,70
2864,986,840,70
2865,986,842,70
2866,986,843,30
2867,987,1,71
2868,987,4,71
2869,987,8,71
2870,987,13,71
2871,987,20,71
2872,987,154,69
2873,987,807,70
2874,987,815,71
2875,987,817,71
2876,987,822,71
2877,987,828,70
2878,987,830,71
2879,987,832,70
2880,987,836,70
2881,987,840,69
2882,987,842,70
2883,987,843,40
2884,988,1,55
2885,988,4,54
2886,988,8,55
2887,988,13,54
2888,988,20,55
2889,988,154,54
2890,988,807,55
2891,988,815,55
2892,988,817,20
2893,988,822,55
2894,988,825,54
2895,988,828,54
2896,988,830,55
2897,988,832,31
2898,988,836,54
2899,988,838,54
2900,988,839,55
2901,988,840,54
2902,988,842,54
2903,988,843,54
2904,989,1,58
2905,989,4,58
2906,989,8,58
2907,989,20,58
2908,989,154,24
2909,989,807,58
2910,989,815,58
2911,989,817,58
2912,989,822,58
2913,989,825,22
2914,989,828,5
2915,989,830,58
2916,989,832,58
2917,989,838,58
2918,989,839,58
2919,989,840,58
2920,989,842,13
2921,989,843,57
2922,989,844,58
2923,989,845,4
2924,990,1,57
2925,990,4,56
2926,990,8,35
2927,990,20,57
2928,990,154,56
2929,990,807,57
2930,990,815,56
2931,990,817,1
2932,990,822,57
2933,990,825,57
2934,990,828,56
2935,990,830,3
2936,990,832,56
2937,990,838,56
2938,990,839,56
2939,990,840,56
2940,990,842,57
2941,990,843,56
2942,990,844,56
2943,990,845,56
2944,991,1,56
2945,991,4,56
2946,991,8,56
2947,991,20,56
2948,991,154,56
2949,991,807,56
2950,991,815,56
2951,991,817,56
2952,991,822,56
2953,991,825,56
2954,991,828,56
2955,991,830,56
2956,991,832,56
2957,991,838,56
2958,991,839,56
2959,991,840,56
2960,991,842,56
2961,991,843,51
2962,991,844,56
2963,991,845,56
2964,992,1,51
2965,992,4,51
2966,992,8,51
2967,992,20,51
2968,992,154,42
2969,992,807,10
2970,992,815,51
2971,992,817,39
2972,992,822,48
2973,992,825,51
2974,992,828,51
2975,992,830,39
2976,992,832,51
2977,992,838,51
2978,992,840,51
2979,992,842,51
2980,992,843,51
2981,992,844,51
2982,993,1,66
2983,993,4,65
2984,993,8,25
2985,993,20,66
2986,993,815,64
2987,993,817,66
2988,993,822,66
2989,993,825,65
2990,993,828,64
2991,993,830,66
2992,993,832,65
2993,993,838,45
2994,993,839,38
2995,993,840,64
2996,993,843,64
2997,993,844,64
2998,993,845,63
2999,994,1,78
3000,994,4,52
3001,994,8,78
3002,994,20,78
3003,994,154,77
3004,994,807,78
3005,994,815,78
3006,994,817,78
3007,994,822,78
3008,994,825,78
3009,994,828,78
3010,994,830,78
3011,994,832,78
3012,994,838,77
3013,994,839,78
3014,994,840,76
3015,994,842,78
3016,994,843,70
3017,994,844,70
3018,994,845,77
3019,995,1,68
3020,995,4,40
3021,995,8,68
3022,995,20,68
3023,995,154,67
3024,995,807,67
3025,995,815,67
3026,995,817,68
3027,995,822,68
3028,995,825,67
3029,995,828,66
3030,995,830,68
3031,995,832,67
3032,995,838,66
3033,995,839,67
3034,995,842,67
3035,995,844,67
3036,995,845,66
3037,996,1,53
3038,996,4,50
3039,996,8,53
3040,996,20,53
3041,996,154,52
3042,996,807,53
3043,996,815,27
3044,996,817,53
3045,996,822,53
3046,996,825,53
3047,996,828,52
3048,996,830,53
3049,996,832,53
3050,996,838,52
3051,996,840,48
3052,996,843,52
3053,996,844,53
3054,996,845,52
3055,997,1,62
3056,997,4,70
3057,997,8,71
3058,997,20,71
3059,997,154,70
3060,997,807,11
3061,997,815,70
3062,997,817,53
3063,997,822,13
3064,997,825,70
3065,997,828,70
3066,997,830,71
3067,997,832,70
3068,997,838,65
3069,997,839,70
3070,997,840,69
3071,997,842,70
3072,997,843,54
3073,997,844,70
3074,997,845,69
3075,998,1,52
3076,998,4,52
3077,998,8,52
3078,998,20,52
3079,998,154,37
3080,998,807,52
3081,998,815,52
3082,998,817,52
3083,998,822,52
3084,998,825,52
3085,998,828,31
3086,998,830,46
3087,998,832,37
3088,998,838,52
3089,998,839,52
3090,998,840,52
3091,998,842,52
3092,998,843,1
3093,998,844,18
3094,998,845,52
3095,999,1,67
3096,999,4,65
3097,999,8,67
3098,999,20,51
3099,999,154,67
3100,999,807,67
3101,999,815,67
3102,999,817,27
3103,999,822,67
3104,999,825,67
3105,999,828,67
3106,999,830,67
3107,999,832,67
3108,999,838,67
3109,999,839,67
3110,999,840,53
3111,999,842,66
3112,999,843,67
3113,999,844,66
3114,999,845,51
3115,1000,1,70
3116,1000,4,69
3117,1000,8,70
3118,1000,20,70
3119,1000,154,69
3120,1000,807,69
3121,1000,815,69
3122,1000,817,70
3123,1000,822,70
3124,1000,825,69
3125,1000,828,68
3126,1000,830,5
3127,1000,832,69
3128,1000,838,49
3129,1000,839,69
3130,1000,840,68
3131,1000,842,70
3132,1000,843,69
3133,1000,845,68
3134,1001,1,44
3135,1001,8,8
3136,1001,20,44
3137,1001,154,44
3138,1001,815,44
3139,1001,817,28
3140,1001,822,44
3141,1001,825,44
3142,1001,828,43
3143,1001,830,44
3144,1001,832,43
3145,1001,838,43
3146,1001,839,44
3147,1001,840,43
3148,1001,842,44
3149,1001,843,43
3150,1001,845,43
3151,1002,1,53
3152,1002,4,9
3153,1002,8,53
3154,1002,20,53
3155,1002,154,53
3156,1002,807,52
3157,1002,815,53
3158,1002,817,23
3159,1002,822,53
3160,1002,825,52
3161,1002,828,52
3162,1002,830,53
3163,1002,832,53
3164,1002,838,52
3165,1002,839,53
3166,1002,840,52
3167,1002,842,52
3168,1002,844,52
3169,1002,845,52
3170,1003,1,61
3171,1003,4,61
3172,1003,8,61
3173,1003,20,61
3174,1003,154,60
3175,1003,807,60
3176,1003,815,60
3177,1003,817,61
3178,1003,822,61
3179,1003,825,59
3180,1003,828,60
3181,1003,830,61
3182,1003,832,60
3183,1003,838,60
3184,1003,840,60
3185,1003,842,60
3186,1003,843,60
3187,1003,844,60
3188,1003,845,59
3189,1004,1,53
3190,1004,4,52
3191,1004,8,53
3192,1004,20,53
3193,1004,154,52
3194,1004,807,52
3195,1004,815,52
3196,1004,817,53
3197,1004,822,53
3198,1004,825,52
3199,1004,828,52
3200,1004,830,53
3201,1004,832,51
3202,1004,838,51
3203,1004,839,52
3204,1004,840,52
3205,1004,842,4
3206,1004,843,4
3207,1004,844,53
3208,1004,845,51
3209,1005,1,53
3210,1005,4,52
3211,1005,8,53
3212,1005,20,53
3213,1005,154,53
3214,1005,807,37
3215,1005,815,53
3216,1005,817,53
3217,1005,822,53
3218,1005,825,8
3219,1005,828,52
3220,1005,830,53
3221,1005,832,52
3222,1005,838,52
3223,1005,839,53
3224,1005,840,52
3225,1005,842,52
3226,1005,843,52
3227,1005,844,38
3228,1005,845,52
3229,1006,1,56
3230,1006,4,1
3231,1006,8,56
3232,1006,20,56
3233,1006,154,2
3234,1006,807,56
3235,1006,815,56
3236,1006,817,8
3237,1006,822,56
3238,1006,825,56
3239,1006,828,55
3240,1006,830,56
3241,1006,832,56
3242,1006,838,55
3243,1006,839,56
3244,1006,840,54
3245,1006,842,55
3246,1006,843,55
3247,1006,844,31
3248,1006,845,55
3249,1007,1,71
3250,1007,4,3
3251,1007,8,71
3252,1007,20,71
3253,1007,154,68
3254,1007,807,69
3255,1007,815,38
3256,1007,817,61
3257,1007,822,70
3258,1007,825,69
3259,1007,828,69
3260,1007,830,71
3261,1007,832,28
3262,1007,838,69
3263,1007,839,69
3264,1007,840,69
3265,1007,842,69
3266,1007,843,69
3267,1007,844,69
3268,1007,845,69
3269,1008,1,71
3270,1008,4,69
3271,1008,8,71
3272,1008,20,71
3273,1008,154,71
3274,1008,807,32
3275,1008,815,70
3276,1008,817,71
3277,1008,822,71
3278,1008,825,71
3279,1008,828,20
3280,1008,830,71
3281,1008,832,70
3282,1008,838,70
3283,1008,839,70
3284,1008,840,69
3285,1008,842,70
3286,1008,843,70
3287,1008,844,71
3288,1008,845,69
3289,1009,1,55
3290,1009,4,54
3291,1009,8,6
3292,1009,20,55
3293,1009,154,54
3294,1009,815,55
3295,1009,817,55
3296,1009,822,55
3297,1009,825,54
3298,1009,828,24
3299,1009,830,55
3300,1009,832,55
3301,1009,838,54
3302,1009,839,44
3303,1009,840,54
3304,1009,842,46
3305,1009,843,54
3306,1009,844,55
3307,1009,845,54
3308,1010,1,58
3309,1010,8,57
3310,1010,9,55
3311,1010,20,58
3312,1010,154,29
3313,1010,807,57
3314,1010,815,57
3315,1010,817,28
3316,1010,822,58
3317,1010,825,58
3318,1010,826,57
3319,1010,830,58
3320,1010,832,9
3321,1010,840,57
3322,1010,841,57
3323,1010,842,57
3324,1010,844,58
3325,1010,846,57
3326,1010,847,56
3327,1010,848,57
3328,1011,1,57
3329,1011,8,57
3330,1011,9,55
3331,1011,20,57
3332,1011,154,16
3333,1011,807,53
3334,1011,815,57
3335,1011,817,53
3336,1011,822,57
3337,1011,825,56
3338,1011,826,56
3339,1011,830,57
3340,1011,832,53
3341,1011,840,56
3342,1011,841,57
3343,1011,842,57
3344,1011,844,57
3345,1011,846,57
3346,1011,847,56
3347,1011,848,57
3348,1012,1,56
3349,1012,8,55
3350,1012,9,54
3351,1012,20,56
3352,1012,154,55
3353,1012,807,16
3354,1012,815,55
3355,1012,817,55
3356,1012,822,56
3357,1012,825,55
3358,1012,826,41
3359,1012,830,56
3360,1012,832,55
3361,1012,840,55
3362,1012,841,55
3363,1012,842,56
3364,1012,844,56
3365,1012,846,50
3366,1012,847,54
3367,1012,848,55
3368,1013,1,51
3369,1013,8,50
3370,1013,9,49
3371,1013,20,51
3372,1013,154,38
3373,1013,807,50
3374,1013,815,51
3375,1013,817,31
3376,1013,822,51
3377,1013,825,50
3378,1013,826,33
3379,1013,830,51
3380,1013,832,51
3381,1013,840,51
3382,1013,841,50
3383,1013,842,38
3384,1013,844,51
3385,1013,846,51
3386,1013,847,49
3387,1013,848,50
3388,1014,1,66
3389,1014,8,66
3390,1014,9,65
3391,1014,20,66
3392,1014,154,66
3393,1014,807,66
3394,1014,815,66
3395,1014,817,66
3396,1014,822,66
3397,1014,825,66
3398,1014,826,66
3399,1014,830,66
3400,1014,832,66
3401,1014,840,44
3402,1014,841,66
3403,1014,842,66
3404,1014,844,66
3405,1014,846,44
3406,1014,847,65
3407,1014,848,66
3408,1015,1,78
3409,1015,8,77
3410,1015,9,77
3411,1015,20,78
3412,1015,154,78
3413,1015,807,77
3414,1015,815,77
3415,1015,817,78
3416,1015,822,78
3417,1015,825,77
3418,1015,826,78
3419,1015,830,78
3420,1015,832,78
3421,1015,840,77
3422,1015,841,76
3423,1015,842,78
3424,1015,844,16
3425,1015,846,78
3426,1015,847,77
3427,1015,848,78
3428,1016,1,70
3429,1016,8,69
3430,1016,9,67
3431,1016,20,70
3432,1016,154,69
3433,1016,807,69
3434,1016,815,69
3435,1016,817,69
3436,1016,822,70
3437,1016,825,68
3438,1016,826,69
3439,1016,830,70
3440,1016,832,69
3441,1016,840,69
3442,1016,841,69
3443,1016,842,69
3444,1016,844,70
3445,1016,846,8
3446,1016,847,68
3447,1016,848,59
3448,1017,1,53
3449,1017,8,52
3450,1017,9,51
3451,1017,20,53
3452,1017,154,44
3453,1017,807,52
3454,1017,815,52
3455,1017,817,52
3456,1017,822,53
3457,1017,825,52
3458,1017,826,52
3459,1017,830,53
3460,1017,832,53
3461,1017,840,52
3462,1017,841,52
3463,1017,842,52
3464,1017,844,53
3465,1017,846,52
3466,1017,847,51
3467,1017,848,52
3468,1018,1,71
3469,1018,8,70
3470,1018,9,68
3471,1018,20,71
3472,1018,154,70
3473,1018,807,70
3474,1018,815,70
3475,1018,817,70
3476,1018,822,71
3477,1018,825,69
3478,1018,826,70
3479,1018,830,71
3480,1018,832,70
3481,1018,840,70
3482,1018,841,70
3483,1018,842,70
3484,1018,844,71
3485,1018,846,70
3486,1018,847,69
3487,1018,848,70
3488,1019,1,52
3489,1019,8,52
3490,1019,9,51
3491,1019,20,51
3492,1019,154,9
3493,1019,807,52
3494,1019,815,51
3495,1019,817,52
3496,1019,822,52
3497,1019,825,6
3498,1019,826,52
3499,1019,830,52
3500,1019,832,52
3501,1019,840,52
3502,1019,841,18
3503,1019,842,52
3504,1019,844,52
3505,1019,846,52
3506,1019,847,51
3507,1019,848,52
3508,1020,1,64
3509,1020,8,64
3510,1020,9,64
3511,1020,20,64
3512,1020,154,64
3513,1020,807,39
3514,1020,815,1
3515,1020,817,13
3516,1020,822,56
3517,1020,825,64
3518,1020,826,64
3519,1020,830,64
3520,1020,832,64
3521,1020,840,64
3522,1020,841,64
3523,1020,842,61
3524,1020,844,27
3525,1020,846,25
3526,1020,847,64
3527,1020,848,64
3528,1021,1,70
3529,1021,8,69
3530,1021,9,67
3531,1021,20,70
3532,1021,154,49
3533,1021,807,69
3534,1021,815,69
3535,1021,817,69
3536,1021,822,69
3537,1021,825,69
3538,1021,826,68
3539,1021,830,70
3540,1021,832,69
3541,1021,840,68
3542,1021,841,68
3543,1021,842,69
3544,1021,844,70
3545,1021,846,69
3546,1021,847,68
3547,1021,848,69
3548,1022,1,44
3549,1022,8,43
3550,1022,9,43
3551,1022,20,44
3552,1022,154,43
3553,1022,807,44
3554,1022,815,44
3555,1022,817,43
3556,1022,822,44
3557,1022,825,43
3558,1022,826,44
3559,1022,832,1
3560,1022,840,44
3561,1022,841,42
3562,1022,842,44
3563,1022,844,44
3564,1022,846,43
3565,1022,847,43
3566,1022,848,44
3567,1023,1,53
3568,1023,8,52
3569,1023,9,51
3570,1023,20,52
3571,1023,154,52
3572,1023,807,53
3573,1023,815,53
3574,1023,817,53
3575,1023,822,53
3576,1023,825,43
3577,1023,826,29
3578,1023,830,53
3579,1023,832,27
3580,1023,840,52
3581,1023,841,52
3582,1023,842,52
3583,1023,844,53
3584,1023,846,52
3585,1023,847,52
3586,1023,848,53
3587,1024,1,61
3588,1024,8,49
3589,1024,9,61
3590,1024,20,61
3591,1024,154,61
3592,1024,807,61
3593,1024,815,42
3594,1024,817,61
3595,1024,822,61
3596,1024,825,61
3597,1024,826,61
3598,1024,830,61
3599,1024,832,61
3600,1024,840,61
3601,1024,841,61
3602,1024,842,61
3603,1024,844,61
3604,1024,846,61
3605,1024,847,34
3606,1024,848,61
3607,1025,1,53
3608,1025,8,53
3609,1025,9,28
3610,1025,20,26
3611,1025,807,53
3612,1025,815,53
3613,1025,817,24
3614,1025,822,53
3615,1025,825,53
3616,1025,826,53
3617,1025,830,53
3618,1025,832,53
3619,1025,840,53
3620,1025,841,53
3621,1025,842,53
3622,1025,844,53
3623,1025,846,53
3624,1025,847,27
3625,1025,848,53
3626,1026,1,52
3627,1026,8,51
3628,1026,9,50
3629,1026,20,52
3630,1026,154,51
3631,1026,807,51
3632,1026,815,51
3633,1026,817,51
3634,1026,822,52
3635,1026,825,51
3636,1026,826,51
3637,1026,830,14
3638,1026,832,52
3639,1026,840,51
3640,1026,841,51
3641,1026,842,51
3642,1026,844,51
3643,1026,846,51
3644,1026,847,50
3645,1026,848,52
3646,1027,1,71
3647,1027,8,58
3648,1027,9,69
3649,1027,20,71
3650,1027,154,69
3651,1027,807,70
3652,1027,815,71
3653,1027,817,71
3654,1027,822,71
3655,1027,825,69
3656,1027,826,70
3657,1027,830,71
3658,1027,832,70
3659,1027,840,70
3660,1027,841,70
3661,1027,842,70
3662,1027,844,71
3663,1027,846,48
3664,1027,847,69
3665,1027,848,71
3666,1028,1,56
3667,1028,8,55
3668,1028,9,31
3669,1028,20,7
3670,1028,154,55
3671,1028,807,55
3672,1028,815,55
3673,1028,817,56
3674,1028,822,56
3675,1028,825,52
3676,1028,826,55
3677,1028,830,56
3678,1028,832,55
3679,1028,840,55
3680,1028,841,55
3681,1028,842,54
3682,1028,844,56
3683,1028,846,56
3684,1028,847,54
3685,1028,848,56
3686,1029,1,71
3687,1029,8,71
3688,1029,9,70
3689,1029,20,65
3690,1029,154,71
3691,1029,807,71
3692,1029,815,71
3693,1029,817,71
3694,1029,822,51
3695,1029,825,71
3696,1029,826,71
3697,1029,830,71
3698,1029,832,71
3699,1029,840,65
3700,1029,841,71
3701,1029,842,71
3702,1029,844,65
3703,1029,846,71
3704,1029,847,71
3705,1029,848,71
3706,1030,1,55
3707,1030,8,54
3708,1030,9,53
3709,1030,20,55
3710,1030,154,54
3711,1030,807,54
3712,1030,815,54
3713,1030,817,54
3714,1030,822,55
3715,1030,825,54
3716,1030,826,54
3717,1030,830,55
3718,1030,832,54
3719,1030,840,45
3720,1030,841,54
3721,1030,842,53
3722,1030,844,55
3723,1030,846,54
3724,1030,847,54
3725,1030,848,55
3726,1031,1,71
3727,1031,8,53
3728,1031,20,71
3729,1031,154,49
3730,1031,815,71
3731,1031,817,17
3732,1031,822,71
3733,1031,825,24
3734,1031,826,69
3735,1031,830,11
3736,1031,832,71
3737,1031,839,71
3738,1031,840,20
3739,1031,841,71
3740,1031,842,71
3741,1031,844,71
3742,1031,846,71
3743,1031,847,49
3744,1031,848,67
3745,1031,849,71
3746,1032,1,71
3747,1032,8,70
3748,1032,20,1
3749,1032,154,70
3750,1032,815,71
3751,1032,817,71
3752,1032,822,71
3753,1032,825,70
3754,1032,826,70
3755,1032,830,71
3756,1032,832,70
3757,1032,839,25
3758,1032,840,71
3759,1032,841,70
3760,1032,842,70
3761,1032,844,4
3762,1032,846,71
3763,1032,847,69
3764,1032,848,71
3765,1032,849,69
3766,1033,1,70
3767,1033,8,69
3768,1033,20,69
3769,1033,154,69
3770,1033,815,69
3771,1033,817,69
3772,1033,822,70
3773,1033,825,69
3774,1033,826,69
3775,1033,830,70
3776,1033,832,69
3777,1033,839,69
3778,1033,840,70
3779,1033,841,69
3780,1033,842,15
3781,1033,844,69
3782,1033,846,69
3783,1033,847,69
3784,1033,848,70
3785,1033,849,65
3786,1034,1,52
3787,1034,8,51
3788,1034,20,52
3789,1034,154,52
3790,1034,817,52
3791,1034,822,52
3792,1034,825,1
3793,1034,826,11
3794,1034,830,52
3795,1034,832,52
3796,1034,839,52
3797,1034,840,52
3798,1034,841,52
3799,1034,842,52
3800,1034,844,52
3801,1034,846,52
3802,1034,847,52
3803,1034,848,52
3804,1034,849,52
3805,1035,1,52
3806,1035,8,51
3807,1035,20,52
3808,1035,154,51
3809,1035,807,52
3810,1035,817,51
3811,1035,822,52
3812,1035,825,43
3813,1035,826,52
3814,1035,830,52
3815,1035,832,52
3816,1035,839,52
3817,1035,840,52
3818,1035,841,51
3819,1035,842,52
3820,1035,844,52
3821,1035,846,52
3822,1035,847,51
3823,1035,848,52
3824,1035,849,51
3825,1036,1,66
3826,1036,8,65
3827,1036,20,65
3828,1036,154,64
3829,1036,815,65
3830,1036,817,65
3831,1036,822,66
3832,1036,825,65
3833,1036,826,65
3834,1036,830,66
3835,1036,832,65
3836,1036,839,65
3837,1036,840,65
3838,1036,841,65
3839,1036,842,65
3840,1036,844,38
3841,1036,846,65
3842,1036,847,65
3843,1036,848,65
3844,1036,849,64
3845,1037,1,44
3846,1037,8,44
3847,1037,20,44
3848,1037,154,44
3849,1037,815,44
3850,1037,817,44
3851,1037,822,44
3852,1037,825,44
3853,1037,826,44
3854,1037,830,44
3855,1037,839,44
3856,1037,840,44
3857,1037,841,9
3858,1037,842,44
3859,1037,844,44
3860,1037,846,44
3861,1037,847,9
3862,1037,848,44
3863,1037,849,44
3864,1038,1,53
3865,1038,8,53
3866,1038,20,6
3867,1038,154,53
3868,1038,815,53
3869,1038,817,53
3870,1038,822,53
3871,1038,825,17
3872,1038,826,53
3873,1038,830,30
3874,1038,832,53
3875,1038,839,53
3876,1038,840,53
3877,1038,841,53
3878,1038,842,53
3879,1038,844,23
3880,1038,846,53
3881,1038,847,53
3882,1038,848,53
3883,1038,849,53
3884,1039,1,59
3885,1039,8,59
3886,1039,20,59
3887,1039,154,59
3888,1039,815,59
3889,1039,817,59
3890,1039,822,59
3891,1039,825,5
3892,1039,826,59
3893,1039,832,5
3894,1039,839,7
3895,1039,840,42
3896,1039,841,5
3897,1039,844,59
3898,1039,846,59
3899,1039,847,59
3900,1039,848,59
3901,1039,849,6
3902,1040,1,53
3903,1040,8,52
3904,1040,20,52
3905,1040,154,52
3906,1040,815,53
3907,1040,817,53
3908,1040,822,53
3909,1040,825,52
3910,1040,826,53
3911,1040,830,53
3912,1040,839,53
3913,1040,841,52
3914,1040,842,53
3915,1040,844,53
3916,1040,846,52
3917,1040,847,52
3918,1040,848,53
3919,1040,849,52
3920,1041,1,60
3921,1041,8,60
3922,1041,20,60
3923,1041,154,60
3924,1041,807,60
3925,1041,815,60
3926,1041,817,60
3927,1041,822,18
3928,1041,825,60
3929,1041,826,60
3930,1041,830,60
3931,1041,832,60
3932,1041,839,22
3933,1041,841,60
3934,1041,842,60
3935,1041,844,60
3936,1041,846,42
3937,1041,847,12
3938,1041,848,23
3939,1041,849,60
3940,1042,1,66
3941,1042,8,65
3942,1042,20,65
3943,1042,154,65
3944,1042,815,65
3945,1042,817,65
3946,1042,822,66
3947,1042,825,65
3948,1042,826,64
3949,1042,830,66
3950,1042,832,65
3951,1042,839,65
3952,1042,840,51
3953,1042,841,65
3954,1042,842,65
3955,1042,844,66
3956,1042,846,65
3957,1042,847,65
3958,1042,848,65
3959,1042,849,64
3960,1043,1,63
3961,1043,8,63
3962,1043,20,63
3963,1043,154,63
3964,1043,815,63
3965,1043,817,63
3966,1043,822,63
3967,1043,825,47
3968,1043,826,63
3969,1043,830,50
3970,1043,832,63
3971,1043,839,27
3972,1043,840,63
3973,1043,841,63
3974,1043,842,8
3975,1043,844,63
3976,1043,846,63
3977,1043,847,51
3978,1043,848,63
3979,1043,849,63
3980,1044,1,58
3981,1044,8,57
3982,1044,20,58
3983,1044,154,49
3984,1044,815,58
3985,1044,817,58
3986,1044,822,57
3987,1044,825,55
3988,1044,826,57
3989,1044,830,58
3990,1044,832,58
3991,1044,839,57
3992,1044,840,58
3993,1044,841,11
3994,1044,842,57
3995,1044,844,58
3996,1044,846,58
3997,1044,847,57
3998,1044,848,58
3999,1044,849,39
4000,1045,1,57
4001,1045,8,56
4002,1045,20,56
4003,1045,815,53
4004,1045,817,57
4005,1045,822,57
4006,1045,825,56
4007,1045,826,56
4008,1045,830,57
4009,1045,832,57
4010,1045,839,57
4011,1045,840,2
4012,1045,841,56
4013,1045,842,57
4014,1045,844,56
4015,1045,846,57
4016,1045,847,56
4017,1045,848,57
4018,1045,849,56
4019,1046,8,87
4020,1046,20,87
4021,1046,815,87
4022,1046,817,87
4023,1046,822,87
4024,1046,825,87
4025,1046,826,87
4026,1046,832,87
4027,1046,839,87
4028,1046,840,87
4029,1046,841,87
4030,1046,842,87
4031,1046,846,87
4032,1046,847,87
4033,1046,848,87
4034,1046,849,52
4035,1046,850,87
4036,1046,851,87
4037,1047,1,55
4038,1047,8,54
4039,1047,20,54
4040,1047,815,8
4041,1047,817,55
4042,1047,822,55
4043,1047,825,54
4044,1047,826,54
4045,1047,830,55
4046,1047,832,55
4047,1047,839,55
4048,1047,840,55
4049,1047,841,54
4050,1047,842,55
4051,1047,844,54
4052,1047,846,55
4053,1047,847,54
4054,1047,848,55
4055,1047,849,54
4056,1047,850,53
4057,1052,1,56
4058,1052,4,32
4059,1052,8,56
4060,1052,20,55
4061,1052,815,56
4062,1052,817,56
4063,1052,822,56
4064,1052,830,56
4065,1052,832,56
4066,1052,839,55
4067,1052,840,56
4068,1052,841,55
4069,1052,842,52
4070,1052,844,56
4071,1052,846,56
4072,1052,847,55
4073,1052,849,51
4074,1052,852,56
4075,1052,854,55
